{"featureNames":["emb_cos","tfidf_cos","topterm_jaccard","cite_jaccard","position"],"topTermCount":15,"w":[0.5626017000605562,0.2335682420655066,0.024632810693071265,0.02798862489665663,1.4330885170120002],"b":-1.0443562466764533,"mu":[0.24688228942538978,0.07186618209060634,0.02495293164846296,0.020636126808092885,0.6536917318815924],"sd":[0.17146439115071269,0.09755578738949446,0.06127984120025635,0.11666023099655692,0.23070482763053077]}