{"featureNames":["sim","margin","min_size_frac","total_size_frac","adjacent","mean_index_gap_frac","cohesion","clusters_remaining_frac","cross_min","cross_std","emb_avglink","tfidf_avglink","cohesion_contrast"],"tau":0.6,"w":[-0.09641074597156828,0.1502554240113165,-0.024820013403635138,-0.5311695253039547,0.43454857472711417,0.02055894227330161,0.13248469533955312,1.4871969047811173,0.2920892987978486,-0.6126884701094879,0.1261360459169976,0.3835086104235394,-0.3718167973786198],"b":-1.3177627698693464,"mu":[0.6346021587712433,0.08475359044142987,0.16292678095819807,0.43068762307909836,0.9161096256684492,0.223230640839616,0.8418293059659234,0.7986369668001078,0.5442142270696453,0.07407969760330153,0.4356921840308282,0.19813512758982205,-0.20722714719468027],"sd":[0.24451101205331333,0.09022531242895475,0.10601139912750364,0.2837106607114447,0.27722333853062064,0.1420576532502139,0.1829299571229853,0.25797678571538074,0.32560882106706335,0.08548569852740295,0.18320119293902035,0.16795314485603155,0.12858189582961624]}